CELSR1|human|Q9NYQ6	dlaeveM00000596688	38.099	2588	1418	47	231	2737	269	2753	0.0	1661	83
CELSR1|mollusc|Bradybaena_similaris|BFZ08600.1	dlaeveM00000596688	78.197	2972	626	12	18	2982	25	2981	0.0	4728	99
CELSR1|mollusc|Magallana_gigas|XP_019921752.3	dlaeveM00000596688	42.127	2934	1579	48	13	2904	31	2887	0.0	2222	96
CELSR1|mollusc|Pomacea_canaliculata|XP_025106932.1	dlaeveM00000596688	53.318	3014	1311	37	23	2992	20	2981	0.0	3087	99
CTNNB1|human|P35222	dlaeveM00000421528	70.311	805	207	13	5	781	20	820	0.0	1097	99
CTNNB1|mollusc|Bradybaena_similaris|BFZ15461.1	dlaeveM00000421528	96.951	820	25	0	1	820	1	820	0.0	1656	100
CTNNB1|mollusc|Magallana_gigas|XP_065927173.1	dlaeveM00000421528	80.235	850	125	18	1	837	1	820	0.0	1325	100
CTNNB1|mollusc|Pomacea_canaliculata|XP_025115491.1	dlaeveM00000421528	86.451	834	94	11	1	829	1	820	0.0	1451	100
DVL2|human|O14641	dlaeveM00001607886	55.987	593	212	16	10	583	34	596	0.0	594	78
DVL2|mollusc|Bradybaena_similaris|BFZ23967.1	dlaeveM00001152767	86.500	800	74	6	1	770	1	796	0.0	1230	100
DVL2|mollusc|Magallana_gigas|XP_011422567.2	dlaeveM00001152767	75.311	644	130	17	1	620	1	639	0.0	867	86
DVL2|mollusc|Pomacea_canaliculata|XP_025083627.1	dlaeveM00001152767	79.545	660	90	12	1	617	1	658	0.0	959	83
FSHR|human|P23945	dlaeveM00000308285	50.898	334	163	1	334	666	410	743	1.96e-119	383	85
FSHR|mollusc|Bradybaena_similaris|BFZ07536.1	dlaeveM00000308285	67.797	1121	333	11	115	1222	1	1106	0.0	1471	91
FSHR|mollusc|Magallana_gigas|XP_011429100.3	dlaeveM00000308285	62.464	349	122	4	440	788	420	759	1.71e-153	483	59
FSHR|mollusc|Pomacea_canaliculata|XP_025104650.1	dlaeveM00000308285	59.450	582	180	11	474	1042	400	938	0.0	660	72
FZD5|human|Q13467	dlaeveM00000225988	63.074	566	169	9	12	545	17	574	0.0	717	91
FZD5|mollusc|Bradybaena_similaris|BFZ22178.1	dlaeveM00000225988	88.372	602	62	3	1	602	1	594	0.0	1107	100
FZD5|mollusc|Magallana_gigas|XP_034301987.2	dlaeveM00000225988	65.821	591	174	9	11	585	16	594	0.0	779	98
FZD5|mollusc|Pomacea_canaliculata|XP_025091144.1	dlaeveM00000225988	76.801	569	109	5	62	614	33	594	0.0	914	90
FZD7|human|O75084	dlaeveM00000212646	61.388	562	188	9	26	570	25	574	0.0	687	95
FZD7|mollusc|Bradybaena_similaris|BFZ15541.1	dlaeveM00000434593	85.099	604	73	3	1	588	1	603	0.0	1023	100
FZD7|mollusc|Magallana_gigas|XP_011422642.2	dlaeveM00000212646	68.909	550	146	6	29	568	43	577	0.0	760	95
FZD7|mollusc|Pomacea_canaliculata|XP_025093209.1	dlaeveM00000212646	76.840	557	114	3	47	594	27	577	0.0	879	92
LGR5|human|NP_003658.1	dlaeveM00000441839	33.908	870	501	11	29	832	179	1040	1.11e-143	466	89
LGR5|mollusc|Bradybaena_similaris|BFZ05148.1	dlaeveM00000727719	83.243	925	154	1	147	1071	10	933	0.0	1621	67
LGR5|mollusc|Magallana_gigas|NP_001292277.1	dlaeveM00000727719	50.166	903	417	11	24	908	37	924	0.0	856	81
LGR5|mollusc|Pomacea_canaliculata|XP_025085505.1	dlaeveM00000727719	58.758	902	339	6	87	961	38	933	0.0	1065	79
LGR6|human|NP_001017403.1	dlaeveM00000441839	33.029	875	518	9	34	848	183	1049	1.55e-146	476	84
LGR6|mollusc|Bradybaena_similaris|BFZ05148.1	dlaeveM00000727719	83.243	925	154	1	147	1071	10	933	0.0	1621	67
LGR6|mollusc|Magallana_gigas|NP_001292277.1	dlaeveM00000727719	50.166	903	417	11	24	908	37	924	0.0	856	81
LGR6|mollusc|Pomacea_canaliculata|XP_025085505.1	dlaeveM00000727719	58.758	902	339	6	87	961	38	933	0.0	1065	79
PIWI|human|Q96J94	dlaeveM00001315823	46.867	766	394	11	103	861	232	991	0.0	729	88
PIWI|mollusc|Bradybaena_similaris|BFZ18409.1	dlaeveM00000404542	74.512	922	218	6	1	918	1	909	0.0	1421	100
PIWI|mollusc|Magallana_gigas|XP_034338426.1	dlaeveM00000404542	46.772	883	438	7	2	873	48	909	0.0	830	99
PIWI|mollusc|Pomacea_canaliculata|XP_025092806.1	dlaeveM00000404542	47.321	896	421	11	2	880	48	909	0.0	810	99
PRICKLE1|human|Q96MT3	dlaeveM00000576198	69.759	291	88	0	17	307	116	406	2.48e-153	469	35
PRICKLE1|mollusc|Bradybaena_similaris|BFZ08173.1	dlaeveM00000576198	79.225	852	156	10	1	843	1	840	0.0	1306	100
PRICKLE1|mollusc|Magallana_gigas|XP_065937854.1	dlaeveM00000576198	53.121	817	304	17	19	767	34	839	0.0	773	98
PRICKLE1|mollusc|Pomacea_canaliculata|XP_025106317.1	dlaeveM00000576198	54.535	849	297	16	1	770	1	839	0.0	813	99
PRICKLE2|human|Q7Z3G6	dlaeveM00000576198	69.360	297	91	0	15	311	110	406	2.31e-154	473	35
PRICKLE2|mollusc|Bradybaena_similaris|BFZ08173.1	dlaeveM00000576198	79.225	852	156	10	1	843	1	840	0.0	1306	100
PRICKLE2|mollusc|Magallana_gigas|XP_019927655.2	dlaeveM00000576198	54.638	787	279	16	43	761	63	839	0.0	769	94
PRICKLE2|mollusc|Pomacea_canaliculata|XP_025106316.1	dlaeveM00000576198	54.888	849	295	17	1	771	1	839	0.0	816	99
RSPO2|human|NP_848660.3	dlaeveM00000555743	41.000	200	112	3	30	223	48	247	1.90e-44	150	80
RSPO2|mollusc|Bradybaena_similaris|BFZ00172.1	dlaeveM00000555743	75.152	165	41	0	28	192	48	212	9.59e-95	281	56
RSPO2|mollusc|Magallana_gigas|XP_011454875.2	dlaeveM00000555743	48.598	214	86	1	35	248	57	246	4.23e-70	219	72
RSPO2|mollusc|Pomacea_canaliculata|XP_025111047.1	dlaeveM00000555743	56.621	219	93	2	21	239	40	256	2.14e-84	255	73
RXFP1|human|Q9HBX9	dlaeveM00001470068	35.897	507	299	6	253	736	1	504	3.47e-101	321	64
RXFP1|mollusc|Bradybaena_similaris|BFZ21200.1	dlaeveM00000134217	73.164	1103	291	4	8	1107	10	1110	0.0	1676	99
RXFP1|mollusc|Magallana_gigas|XP_011430344.3	dlaeveM00000134217	52.304	1107	499	18	21	1117	10	1097	0.0	1108	97
RXFP1|mollusc|Pomacea_canaliculata|XP_025091011.1	dlaeveM00000134217	55.067	1115	472	13	13	1120	6	1098	0.0	1242	98
TCF7L2|human|Q9NQB0	dlaeveM00001039076	42.470	332	132	10	197	481	115	434	2.15e-59	205	46
TCF7L2|mollusc|Bradybaena_similaris|BFZ03753.1	dlaeveM00001376969	88.182	440	50	2	1	438	1	440	0.0	691	71
TCF7L2|mollusc|Magallana_gigas|XP_011429572.1	dlaeveM00001376969	49.576	472	147	19	1	394	1	459	3.69e-120	361	77
TCF7L2|mollusc|Pomacea_canaliculata|XP_025090987.1	dlaeveM00001376969	63.946	441	96	14	1	381	3	440	1.69e-168	484	73
VANGL1|human|Q8TAA9	dlaeveM00001099666	48.746	558	245	12	4	524	5	558	4.81e-157	459	99
VANGL1|mollusc|Bradybaena_similaris|BFZ13687.1	dlaeveM00001099666	91.935	558	44	1	1	557	1	558	0.0	1030	100
VANGL1|mollusc|Magallana_gigas|XP_011436082.1	dlaeveM00001099666	65.620	573	161	11	1	552	1	558	0.0	706	100
VANGL1|mollusc|Pomacea_canaliculata|XP_025100334.1	dlaeveM00001099666	66.552	580	168	9	4	579	1	558	0.0	726	99
WNT10A|human|Q9GZT5	dlaeveM00000203011	48.936	376	150	3	42	417	25	358	8.29e-133	385	90
WNT10A|mollusc|Bradybaena_similaris|BFZ21767.1	dlaeveM00000203011	91.471	340	27	1	19	358	21	358	0.0	665	95
WNT10A|mollusc|Magallana_gigas|XP_065930977.1	dlaeveM00000203011	67.552	339	95	5	62	389	24	358	1.46e-172	485	84
WNT10A|mollusc|Pomacea_canaliculata|XP_025110698.1	dlaeveM00000203011	78.932	337	66	3	32	366	25	358	0.0	575	92
WNT11|human|O96014	dlaeveM00001170531	43.478	345	187	4	12	353	13	352	4.48e-101	302	97
WNT11|mollusc|Bradybaena_similaris|BFZ23065.1	dlaeveM00001614906	86.686	353	47	0	1	353	1	353	0.0	659	100
WNT11|mollusc|Magallana_gigas|XP_011448637.1	dlaeveM00001170531	65.738	359	114	6	1	357	1	352	4.37e-173	485	99
WNT11|mollusc|Pomacea_canaliculata|XP_025083408.1	dlaeveM00001170531	74.425	348	86	1	10	357	9	353	0.0	560	97
WNT6|human|Q9Y6F9	dlaeveM00000202893	52.355	361	152	1	5	365	3	343	6.25e-140	401	99
WNT6|mollusc|Bradybaena_similaris|BFZ15623.1	dlaeveM00000202893	81.081	296	56	0	1	296	48	343	0.0	520	100
WNT6|mollusc|Magallana_gigas|XP_065930979.1	dlaeveM00000202893	67.246	345	111	1	3	347	1	343	0.0	505	99
WNT6|mollusc|Pomacea_canaliculata|XP_025086682.1	dlaeveM00000202893	73.623	345	89	1	1	345	1	343	0.0	550	100
